{
  "mass": 2.0738,
  "gravity": 9.806,
  "angle": 0.0329723391,
  "x0": 0.18567416990062582,
  "mu": 0,
  "beta": 1.298556269645683
}