{
  "mass": 0.4214,
  "gravity": 9.806,
  "angle": 0.0330068762,
  "x0": 0.18997503617446798,
  "mu": 0,
  "beta": 0.5309907356763536
}