{
  "mass": 0.294,
  "gravity": 9.806,
  "angle": 0.0162557557,
  "x0": 0.18958505097580267,
  "mu": 0,
  "beta": 0.4453721502955257
}