{
  "mass": 0.294,
  "gravity": 9.806,
  "angle": 0.0162557557,
  "x0": 0.18140500000000004,
  "mu": 0,
  "beta": 0.34005021651657874
}