{
  "mass": 0.294,
  "gravity": 9.806,
  "angle": 0.0162557557,
  "x0": 0.18286201830139642,
  "mu": 0,
  "beta": 0.41737896933509283
}