{
  "angle": 0.0330068762,
  "mass": 0.3509932
}
