{
  "mass": 0.3509932,
  "gravity": 9.806,
  "angle": 0.0330068762,
  "x0": 0.18922599999999998,
  "mu": 0,
  "beta": 0.3960826642780481
}