{
  "angle": 0.0157096266,
  "mass": 0.27689,
  "length": 0.295,
  "width": 0.2275
}
