{
  "mass": 0.27689,
  "gravity": 9.806,
  "angle": 0.0157096266,
  "x0": 0.2685927261893105,
  "mu": 0,
  "beta": 0.2163937572121868
}