{
  "mass": 0.294,
  "gravity": 9.806,
  "angle": 0.0329723391,
  "x0": 0.18821900000000003,
  "mu": 0,
  "beta": 0.24147267742672154
}