{
  "angle": 0.0157096266,
  "mass": 0.25349
}
