{
  "mass": 0.25349,
  "gravity": 9.806,
  "angle": 0.0157096266,
  "x0": 0.2678549999999362,
  "mu": 0,
  "beta": 0.09790626678473169
}