{
  "mass": 0.81212,
  "gravity": 9.806,
  "angle": 0.0330068762,
  "x0": 0.19088399999999994,
  "mu": 0,
  "beta": 0.8163859329249128
}