{
  "mass": 0.3509932,
  "gravity": 9.806,
  "angle": 0.0162557557,
  "x0": 0.19055818640829292,
  "mu": 0,
  "beta": 0.5333197132138243
}